{"loss": [1.3858829736709595, 0.4595470726490021, 0.27305009961128235, 0.19606265425682068, 0.13745465874671936, 0.10650962591171265, 0.09086771309375763, 0.07516758888959885, 0.06629437953233719, 0.06029153987765312], "accuracy": [0.5918912887573242, 0.8532185554504395, 0.9125684499740601, 0.9360267519950867, 0.9541361331939697, 0.9645636081695557, 0.9699409604072571, 0.97584468126297, 0.9790454506874084, 0.9804680347442627], "val_loss": [0.5611236691474915, 0.2573181092739105, 0.19435124099254608, 0.21061702072620392, 0.17238374054431915, 0.15811096131801605, 0.13565747439861298, 0.1719799041748047, 0.13282211124897003, 0.14128470420837402], "val_accuracy": [0.8252333402633667, 0.9160596132278442, 0.9381402134895325, 0.9343842267990112, 0.9446847438812256, 0.9506601691246033, 0.9586273431777954, 0.9479285478591919, 0.9611882567405701, 0.9626678824424744]}